train_no,station_code,arrival_time,departure_time,stop_sequence
20498,RTM,03:25:00,03:25:00,1
20498,BNG,04:00:00,04:00:00,2
20498,FTD,04:32:00,04:32:00,3
20498,INDB,05:10:00,05:10:00,4
20958,RTM,04:15:00,04:15:00,1
20958,BNG,04:58:00,04:58:00,2
20958,FTD,05:38:00,05:38:00,3
20958,INDB,06:45:00,06:45:00,4
19338,RTM,05:40:00,05:40:00,1
19338,BNG,06:30:00,06:30:00,2
19338,FTD,07:15:00,07:15:00,3
19338,INDB,08:30:00,08:30:00,4
19334,RTM,05:40:00,05:40:00,1
19334,BNG,06:30:00,06:30:00,2
19334,FTD,07:15:00,07:15:00,3
19334,INDB,08:30:00,08:30:00,4
79310,RTM,06:35:00,06:35:00,1
79310,BNG,07:25:00,07:25:00,2
79310,FTD,08:12:00,08:12:00,3
79310,INDB,09:10:00,09:10:00,4
79314,RTM,10:05:00,10:05:00,1
79314,BNG,10:55:00,10:55:00,2
79314,FTD,11:42:00,11:42:00,3
79314,INDB,12:40:00,12:40:00,4
79306,RTM,13:00:00,13:00:00,1
79306,BNG,13:50:00,13:50:00,2
79306,FTD,14:35:00,14:35:00,3
79306,INDB,15:30:00,15:30:00,4
11125,RTM,17:25:00,17:25:00,1
11125,BNG,18:02:00,18:02:00,2
11125,FTD,18:38:00,18:38:00,3
11125,INDB,19:25:00,19:25:00,4
21125,RTM,17:25:00,17:25:00,1
21125,BNG,18:02:00,18:02:00,2
21125,FTD,18:38:00,18:38:00,3
21125,INDB,19:25:00,19:25:00,4
79318,RTM,19:00:00,19:00:00,1
79318,BNG,19:55:00,19:55:00,2
79318,FTD,20:45:00,20:45:00,3
79318,INDB,21:50:00,21:50:00,4
14801,RTM,20:40:00,20:40:00,1
14801,BNG,21:28:00,21:28:00,2
14801,FTD,22:08:00,22:08:00,3
14801,INDB,23:05:00,23:05:00,4
19309,RTM,01:40:00,01:40:00,1
19309,NAD,02:20:00,02:20:00,2
19309,UJN,03:25:00,03:25:00,3
19309,DWX,04:45:00,04:45:00,4
19309,INDB,05:45:00,05:45:00,5
19316,RTM,03:05:00,03:05:00,1
19316,NAD,03:50:00,03:50:00,2
19316,UJN,05:00:00,05:00:00,3
19316,DWX,06:05:00,06:05:00,4
19316,INDB,07:00:00,07:00:00,5
22943,RTM,04:40:00,04:40:00,1
22943,NAD,05:25:00,05:25:00,2
22943,UJN,06:30:00,06:30:00,3
22943,DWX,07:35:00,07:35:00,4
22943,INDB,08:25:00,08:25:00,5
20935,RTM,05:25:00,05:25:00,1
20935,NAD,06:08:00,06:08:00,2
20935,UJN,07:05:00,07:05:00,3
20935,DWX,08:05:00,08:05:00,4
20935,INDB,08:55:00,08:55:00,5
12961,RTM,05:55:00,05:55:00,1
12961,NAD,06:40:00,06:40:00,2
12961,UJN,07:30:00,07:30:00,3
12961,DWX,08:20:00,08:20:00,4
12961,INDB,09:05:00,09:05:00,5
12227,RTM,07:05:00,07:05:00,1
12227,NAD,07:48:00,07:48:00,2
12227,UJN,08:40:00,08:40:00,3
12227,DWX,09:30:00,09:30:00,4
12227,INDB,10:20:00,10:20:00,5
19319,RTM,12:45:00,12:45:00,1
19319,NAD,13:30:00,13:30:00,2
19319,UJN,14:40:00,14:40:00,3
19319,DWX,15:55:00,15:55:00,4
19319,INDB,17:05:00,17:05:00,5
20915,RTM,20:20:00,20:20:00,1
20915,NAD,21:05:00,21:05:00,2
20915,UJN,22:15:00,22:15:00,3
20915,DWX,23:25:00,23:25:00,4
20915,INDB,00:15:00,00:15:00,5
9323,RTM,20:35:00,20:35:00,1
9323,NAD,21:20:00,21:20:00,2
9323,UJN,22:30:00,22:30:00,3
9323,DWX,23:15:00,23:15:00,4
9323,INDB,23:55:00,23:55:00,5
20931,RTM,23:35:00,23:35:00,1
20931,NAD,00:20:00,00:20:00,2
20931,UJN,01:30:00,01:30:00,3
20931,DWX,03:20:00,03:20:00,4
20931,INDB,04:30:00,04:30:00,5
14802,INDB,04:20:00,04:20:00,1
14802,FTD,04:58:00,04:58:00,2
14802,BNG,05:32:00,05:32:00,3
14802,RTM,06:25:00,06:25:00,4
79317,INDB,06:30:00,06:30:00,1
79317,FTD,07:22:00,07:22:00,2
79317,BNG,08:08:00,08:08:00,3
79317,RTM,09:20:00,09:20:00,4
11126,INDB,07:25:00,07:25:00,1
11126,FTD,08:12:00,08:12:00,2
11126,BNG,08:50:00,08:50:00,3
11126,RTM,10:00:00,10:00:00,4
21126,INDB,07:25:00,07:25:00,1
21126,FTD,08:12:00,08:12:00,2
21126,BNG,08:50:00,08:50:00,3
21126,RTM,10:00:00,10:00:00,4
79305,INDB,09:45:00,09:45:00,1
79305,FTD,10:35:00,10:35:00,2
79305,BNG,11:22:00,11:22:00,3
79305,RTM,12:50:00,12:50:00,4
20497,INDB,13:30:00,13:30:00,1
20497,FTD,14:10:00,14:10:00,2
20497,BNG,14:48:00,14:48:00,3
20497,RTM,15:45:00,15:45:00,4
19333,INDB,13:40:00,13:40:00,1
19333,FTD,14:18:00,14:18:00,2
19333,BNG,14:52:00,14:52:00,3
19333,RTM,15:45:00,15:45:00,4
79313,INDB,15:05:00,15:05:00,1
79313,FTD,15:55:00,15:55:00,2
79313,BNG,16:45:00,16:45:00,3
79313,RTM,18:05:00,18:05:00,4
20957,INDB,16:45:00,16:45:00,1
20957,FTD,17:22:00,17:22:00,2
20957,BNG,17:55:00,17:55:00,3
20957,RTM,18:45:00,18:45:00,4
19337,INDB,19:50:00,19:50:00,1
19337,FTD,20:25:00,20:25:00,2
19337,BNG,20:56:00,20:56:00,3
19337,RTM,21:40:00,21:40:00,4
79309,INDB,20:10:00,20:10:00,1
79309,FTD,21:02:00,21:02:00,2
79309,BNG,21:48:00,21:48:00,3
79309,RTM,23:00:00,23:00:00,4
20916,INDB,11:15:00,11:15:00,1
20916,DWX,11:58:00,11:58:00,2
20916,UJN,12:45:00,12:45:00,3
20916,NAD,13:45:00,13:45:00,4
20916,RTM,14:35:00,14:35:00,5
9324,INDB,11:15:00,11:15:00,1
9324,DWX,11:58:00,11:58:00,2
9324,UJN,12:45:00,12:45:00,3
9324,NAD,13:45:00,13:45:00,4
9324,RTM,14:35:00,14:35:00,5
22944,INDB,16:30:00,16:30:00,1
22944,DWX,17:15:00,17:15:00,2
22944,UJN,18:00:00,18:00:00,3
22944,NAD,18:58:00,18:58:00,4
22944,RTM,19:45:00,19:45:00,5
12962,INDB,17:45:00,17:45:00,1
12962,DWX,18:25:00,18:25:00,2
12962,UJN,19:05:00,19:05:00,3
12962,NAD,20:00:00,20:00:00,4
12962,RTM,20:30:00,20:30:00,5
19315,INDB,18:20:00,18:20:00,1
19315,DWX,19:05:00,19:05:00,2
19315,UJN,20:00:00,20:00:00,3
19315,NAD,21:00:00,21:00:00,4
19315,RTM,21:45:00,21:45:00,5
12228,INDB,21:00:00,21:00:00,1
12228,DWX,21:35:00,21:35:00,2
12228,UJN,22:10:00,22:10:00,3
12228,NAD,22:55:00,22:55:00,4
12228,RTM,23:30:00,23:30:00,5
20932,INDB,21:40:00,21:40:00,1
20932,DWX,22:25:00,22:25:00,2
20932,UJN,23:10:00,23:10:00,3
20932,NAD,00:05:00,00:05:00,4
20932,RTM,00:45:00,00:45:00,5
19320,INDB,22:20:00,22:20:00,1
19320,DWX,23:05:00,23:05:00,2
19320,UJN,23:55:00,23:55:00,3
19320,NAD,00:45:00,00:45:00,4
19320,RTM,01:30:00,01:30:00,5
19310,INDB,23:00:00,23:00:00,1
19310,DWX,23:42:00,23:42:00,2
19310,UJN,00:30:00,00:30:00,3
19310,NAD,01:25:00,01:25:00,4
19310,RTM,02:05:00,02:05:00,5
20936,INDB,23:30:00,23:30:00,1
20936,DWX,00:10:00,00:10:00,2
20936,UJN,00:55:00,00:55:00,3
20936,NAD,01:45:00,01:45:00,4
20936,RTM,02:25:00,02:25:00,5
